image_name,success_attempt,status,total_time_seconds
frame_00001.png,1,success,102.7415
frame_00002.png,1,success,99.3704
frame_00003.png,1,success,102.7983
frame_00004.png,1,success,102.6784
frame_00005.png,1,success,105.6329
frame_00006.png,1,success,109.6501
frame_00007.png,1,success,109.2247
frame_00008.png,1,success,109.2396
frame_00009.png,1,success,106.2184
frame_00011.png,1,success,112.5448
frame_00010.png,1,success,109.7194
frame_00012.png,1,success,106.0546
frame_00013.png,1,success,109.2289
frame_00014.png,1,success,109.3171
frame_00015.png,1,success,109.2582
frame_00016.png,1,success,112.89
frame_00018.png,1,success,109.2343
frame_00017.png,1,success,109.4402
frame_00019.png,1,success,113.0351
frame_00020.png,1,success,112.7588
frame_00021.png,1,success,109.5194
frame_00023.png,1,success,106.1719
frame_00022.png,1,success,112.5729
frame_00024.png,1,success,109.5765
frame_00026.png,1,success,109.3809
frame_00027.png,1,success,99.3902
frame_00025.png,1,success,112.7765
frame_00028.png,1,success,106.1954
frame_00029.png,1,success,99.1683
frame_00030.png,1,success,106.0971
frame_00031.png,1,success,102.7985
frame_00033.png,1,success,105.8452
frame_00032.png,1,success,106.792
frame_00035.png,1,success,99.1663
frame_00034.png,1,success,102.6126
frame_00036.png,1,success,102.3744
frame_00038.png,1,success,102.4589
frame_00037.png,1,success,95.6428
frame_00039.png,1,success,99.3845
frame_00041.png,1,success,98.9345
frame_00040.png,1,success,99.2935
frame_00042.png,1,success,95.796
frame_00043.png,1,success,95.7208
frame_00044.png,1,success,95.7392
frame_00045.png,1,success,95.8266
frame_00047.png,1,success,95.7851
frame_00046.png,1,success,95.7584
frame_00048.png,1,success,95.9037
frame_00049.png,1,success,99.3073
frame_00050.png,1,success,95.6871
frame_00051.png,1,success,99.3799
frame_00052.png,1,success,95.5843
frame_00053.png,1,success,95.4486
frame_00054.png,1,success,99.1346
frame_00055.png,1,success,95.2954
frame_00056.png,1,success,95.4369
frame_00057.png,1,success,95.4043
frame_00058.png,1,success,92.1398
frame_00059.png,1,success,92.1062
frame_00060.png,1,success,91.8474
frame_00061.png,1,success,95.0352
frame_00062.png,1,success,98.2296
frame_00063.png,1,success,91.8525
frame_00064.png,1,success,88.2839
frame_00065.png,1,success,85.1024
frame_00066.png,1,success,84.7836
frame_00067.png,1,success,84.9765
frame_00068.png,1,success,78.2071
frame_00069.png,1,success,78.3078
frame_00070.png,1,success,78.1732
frame_00071.png,1,success,79.4957
frame_00073.png,1,success,79.8387
frame_00072.png,1,success,78.0617
frame_00074.png,1,success,79.6799
frame_00076.png,1,success,78.3016
frame_00075.png,1,success,80.2006
frame_00078.png,1,success,79.6071
frame_00079.png,1,success,79.5984
frame_00077.png,1,success,79.629
frame_00081.png,1,success,78.3437
frame_00080.png,1,success,78.2046
frame_00082.png,1,success,79.6716
frame_00085.png,1,success,79.3662
frame_00083.png,1,success,79.6113
frame_00084.png,1,success,79.4556
frame_00087.png,1,success,79.6787
frame_00086.png,1,success,79.4374
frame_00088.png,1,success,79.5703
frame_00089.png,1,success,75.4753
frame_00091.png,1,success,75.409
frame_00090.png,1,success,83.9267
frame_00094.png,1,success,83.6186
frame_00093.png,1,success,82.8386
frame_00092.png,1,success,74.6001
frame_00097.png,1,success,75.5434
frame_00096.png,1,success,75.6565
frame_00095.png,1,success,84.5192
frame_00099.png,1,success,84.1295
frame_00098.png,1,success,75.5346
frame_00100.png,1,success,75.4147
frame_00102.png,1,success,75.6535
frame_00103.png,1,success,75.5094
frame_00101.png,1,success,75.2462
frame_00105.png,1,success,75.5421
frame_00104.png,1,success,75.4734
frame_00106.png,1,success,81.8208
frame_00107.png,1,success,83.1828
frame_00109.png,1,success,82.8969
frame_00108.png,1,success,83.4575
frame_00110.png,1,success,75.488
frame_00112.png,1,success,75.5491
frame_00111.png,1,success,83.5689
frame_00114.png,1,success,80.5553
frame_00115.png,1,success,75.5356
frame_00113.png,1,success,75.4195
frame_00116.png,1,success,83.4403
frame_00118.png,1,success,81.5419
frame_00117.png,1,success,84.0211
frame_00121.png,1,success,83.4981
frame_00120.png,1,success,84.2225
frame_00119.png,1,success,81.6985
frame_00122.png,1,success,83.6013
frame_00123.png,1,success,75.4515
frame_00124.png,1,success,82.6362
frame_00125.png,1,success,83.7191
frame_00127.png,1,success,75.4416
frame_00126.png,1,success,83.3729
frame_00128.png,1,success,81.9729
frame_00129.png,1,success,75.4455
frame_00130.png,1,success,75.5228
frame_00131.png,1,success,82.6086
frame_00132.png,1,success,74.788
frame_00133.png,1,success,74.732
frame_00134.png,1,success,78.3757
frame_00135.png,1,success,78.298
frame_00136.png,1,success,78.4163
frame_00137.png,1,success,78.3727
frame_00138.png,1,success,78.3183
frame_00139.png,1,success,78.3602
frame_00141.png,1,success,78.361
frame_00140.png,1,success,78.3682
frame_00142.png,1,success,78.1821
frame_00143.png,1,success,78.3308
frame_00144.png,1,success,78.2353
frame_00145.png,1,success,78.224
frame_00147.png,1,success,78.2469
frame_00146.png,1,success,78.4418
frame_00149.png,1,success,85.1805
frame_00148.png,1,success,88.8777
frame_00150.png,1,success,81.8272
frame_00151.png,1,success,81.8798
frame_00152.png,1,success,85.1888
frame_00153.png,1,success,85.3323
frame_00154.png,1,success,85.3189
frame_00155.png,1,success,99.0045
frame_00156.png,1,success,102.6808
frame_00158.png,1,success,101.8712
frame_00157.png,1,success,101.4733
frame_00159.png,1,success,114.0676
frame_00161.png,1,success,104.5892
frame_00160.png,1,success,114.4465
frame_00162.png,1,success,97.7922
frame_00164.png,1,success,118.4223
frame_00163.png,1,success,97.7423
frame_00165.png,1,success,104.2376
frame_00166.png,1,success,77.3867
frame_00167.png,1,success,117.2323
frame_00168.png,1,success,103.533
frame_00170.png,1,success,94.5718
frame_00169.png,1,success,97.0438
frame_00171.png,1,success,91.0381
frame_00173.png,1,success,84.1138
frame_00172.png,1,success,107.7654
frame_00174.png,1,success,80.9123
frame_00175.png,1,success,77.5511
frame_00176.png,1,success,77.4881
frame_00177.png,1,success,77.5143
frame_00179.png,1,success,101.4577
frame_00178.png,1,success,90.8883
frame_00180.png,1,success,107.6424
frame_00182.png,1,success,100.8256
frame_00181.png,1,success,107.4016
frame_00185.png,1,success,100.153
frame_00183.png,1,success,100.512
frame_00184.png,1,success,100.3585
frame_00188.png,1,success,104.3052
frame_00186.png,1,success,108.5217
frame_00187.png,1,success,101.1666
frame_00189.png,1,success,104.021
frame_00190.png,1,success,107.3695
frame_00191.png,1,success,101.1517
frame_00192.png,1,success,98.3414
frame_00194.png,1,success,98.0528
frame_00193.png,1,success,94.6541
frame_00196.png,1,success,77.4384
frame_00195.png,1,success,77.4627
frame_00197.png,1,success,77.4974
frame_00198.png,1,success,77.4865
frame_00200.png,1,success,77.6107
frame_00199.png,1,success,77.5842
frame_00201.png,1,success,80.7873
frame_00202.png,1,success,81.8882
frame_00203.png,1,success,80.9412
frame_00206.png,1,success,87.2809
frame_00205.png,1,success,77.4139
frame_00204.png,1,success,100.5804
frame_00207.png,1,success,90.6514
frame_00208.png,1,success,98.4069
frame_00209.png,1,success,88.0412
frame_00211.png,1,success,101.0444
frame_00210.png,1,success,101.2674
frame_00212.png,1,success,97.6648
frame_00214.png,1,success,87.7613
frame_00213.png,1,success,97.6223
frame_00215.png,1,success,100.9875
frame_00217.png,1,success,87.8026
frame_00216.png,1,success,94.4631
frame_00220.png,1,success,84.1341
frame_00218.png,1,success,90.9938
frame_00219.png,1,success,90.7709
frame_00222.png,1,success,77.563
frame_00221.png,1,success,80.8905
frame_00223.png,1,success,77.734
frame_00224.png,1,success,77.6153
frame_00225.png,1,success,77.4618
frame_00226.png,1,success,77.3715
frame_00228.png,1,success,77.6731
frame_00229.png,1,success,80.9958
frame_00227.png,1,success,80.8018
frame_00231.png,1,success,77.7632
frame_00230.png,1,success,77.7128
frame_00232.png,1,success,77.3771
frame_00234.png,1,success,77.5009
frame_00233.png,1,success,77.6548
frame_00235.png,1,success,77.7762
frame_00236.png,1,success,77.4144
frame_00237.png,1,success,77.8113
frame_00238.png,1,success,84.5337
frame_00239.png,1,success,84.484
frame_00240.png,1,success,87.8876
frame_00242.png,1,success,90.9155
frame_00241.png,1,success,91.2588
frame_00243.png,1,success,91.3235
frame_00245.png,1,success,94.5983
frame_00244.png,1,success,81.0616
frame_00246.png,1,success,97.7903
frame_00249.png,1,success,100.8498
frame_00248.png,1,success,101.1264
frame_00247.png,1,success,101.0009
frame_00251.png,1,success,96.9687
frame_00250.png,1,success,103.8133
frame_00252.png,1,success,91.0649
frame_00255.png,1,success,93.4357
frame_00254.png,1,success,94.2373
frame_00253.png,1,success,94.2521
frame_00256.png,1,success,94.5885
frame_00257.png,1,success,97.04
frame_00258.png,1,success,94.0623
frame_00261.png,1,success,97.4844
frame_00259.png,1,success,94.0069
frame_00260.png,1,success,101.2406
frame_00264.png,1,success,97.7941
frame_00263.png,1,success,97.3395
frame_00262.png,1,success,94.1896
frame_00266.png,1,success,81.3924
frame_00265.png,1,success,101.4018
frame_00267.png,1,success,104.5917
frame_00269.png,1,success,104.3256
frame_00270.png,1,success,101.3495
frame_00268.png,1,success,111.1722
frame_00271.png,1,success,94.2886
frame_00272.png,1,success,97.3069
frame_00273.png,1,success,90.9281
frame_00274.png,1,success,90.8665
frame_00276.png,1,success,78.2018
frame_00275.png,1,success,90.9668
frame_00279.png,1,success,97.3527
frame_00278.png,1,success,100.8541
frame_00277.png,1,success,104.8036
frame_00282.png,1,success,94.2673
frame_00280.png,1,success,97.49
frame_00281.png,1,success,100.7419
frame_00283.png,1,success,94.376
frame_00284.png,1,success,94.2197
frame_00285.png,1,success,94.4201
frame_00288.png,1,success,104.3558
frame_00286.png,1,success,97.8079
frame_00287.png,1,success,108.7714
frame_00289.png,1,success,114.4424
frame_00290.png,1,success,110.955
frame_00291.png,1,success,77.43
frame_00293.png,1,success,100.8014
frame_00292.png,1,success,113.6443
frame_00294.png,1,success,103.8666
frame_00296.png,1,success,97.6576
frame_00295.png,1,success,103.5338
frame_00297.png,1,success,87.9024
frame_00298.png,1,success,89.649
frame_00299.png,1,success,87.8108
frame_00300.png,1,success,78.1481
frame_00301.png,1,success,107.5721
frame_00302.png,1,success,77.4809
frame_00303.png,1,success,107.4878
frame_00305.png,1,success,97.5246
frame_00304.png,1,success,77.48
frame_00306.png,1,success,91.689
frame_00308.png,1,success,93.9522
frame_00307.png,1,success,93.6601
frame_00309.png,1,success,91.3578
frame_00310.png,1,success,98.0402
frame_00311.png,1,success,77.7111
frame_00312.png,1,success,84.4115
frame_00314.png,1,success,77.7538
frame_00313.png,1,success,84.4236
frame_00316.png,1,success,101.3021
frame_00317.png,1,success,90.7677
frame_00315.png,1,success,78.3751
frame_00320.png,1,success,91.1158
frame_00318.png,1,success,91.2837
frame_00319.png,1,success,89.7529
frame_00323.png,1,success,89.8642
frame_00322.png,1,success,89.9256
frame_00321.png,1,success,89.8033
frame_00326.png,1,success,96.7944
frame_00325.png,1,success,94.03
frame_00324.png,1,success,91.2033
frame_00329.png,1,success,107.2687
frame_00328.png,1,success,107.45
frame_00327.png,1,success,97.055
frame_00330.png,1,success,97.5481
frame_00331.png,1,success,97.4811
frame_00332.png,1,success,93.6444
frame_00333.png,1,success,91.0534
frame_00335.png,1,success,93.5611
frame_00334.png,1,success,93.5819
frame_00336.png,1,success,91.1174
frame_00338.png,1,success,94.324
frame_00337.png,1,success,94.4395
frame_00339.png,1,success,100.9715
frame_00340.png,1,success,100.8733
frame_00341.png,1,success,97.7025
frame_00342.png,1,success,107.7653
frame_00344.png,1,success,107.355
frame_00343.png,1,success,110.7415
frame_00347.png,1,success,103.9526
frame_00345.png,1,success,113.9895
frame_00346.png,1,success,77.6111
frame_00349.png,1,success,104.6627
frame_00350.png,1,success,87.8533
frame_00348.png,1,success,104.02
frame_00353.png,1,success,89.9131
frame_00351.png,1,success,87.7999
frame_00352.png,1,success,87.7906
frame_00354.png,1,success,87.5831
frame_00356.png,1,success,103.9784
frame_00355.png,1,success,87.4255
frame_00358.png,1,success,100.3797
frame_00357.png,1,success,100.9802
frame_00359.png,1,success,103.7612
frame_00362.png,1,success,104.8578
frame_00361.png,1,success,112.8386
frame_00360.png,1,success,101.042
frame_00364.png,1,success,101.2533
frame_00365.png,1,success,94.5876
frame_00363.png,1,success,100.997
frame_00367.png,1,success,87.8097
frame_00366.png,1,success,94.3812
frame_00368.png,1,success,104.7056
frame_00369.png,1,success,98.0282
frame_00370.png,1,success,108.2094
frame_00371.png,1,success,101.3175
frame_00372.png,1,success,111.6772
frame_00373.png,1,success,104.3526
frame_00374.png,1,success,77.299
frame_00376.png,1,success,77.5634
frame_00375.png,1,success,107.3459
frame_00377.png,1,success,77.6023
frame_00378.png,1,success,104.0036
frame_00380.png,1,success,94.2172
frame_00379.png,1,success,94.2907
frame_00381.png,1,success,97.4724
frame_00383.png,1,success,90.7476
frame_00382.png,1,success,93.5183
frame_00384.png,1,success,97.917
frame_00385.png,1,success,93.9212
frame_00386.png,1,success,93.7722
frame_00387.png,1,success,90.2932
frame_00388.png,1,success,77.9029
frame_00389.png,1,success,94.2596
frame_00391.png,1,success,91.6217
frame_00392.png,1,success,94.6586
frame_00390.png,1,success,84.3625
frame_00395.png,1,success,91.1265
frame_00394.png,1,success,91.3395
frame_00393.png,1,success,91.2724
frame_00398.png,1,success,94.5637
frame_00397.png,1,success,91.0583
frame_00396.png,1,success,91.3133
frame_00400.png,1,success,91.0502
frame_00399.png,1,success,93.7265
frame_00401.png,1,success,90.974
frame_00402.png,1,success,91.2175
frame_00403.png,1,success,93.519
frame_00404.png,1,success,97.5912
frame_00406.png,1,success,100.9672
frame_00405.png,1,success,97.4593
frame_00407.png,1,success,101.1749
frame_00408.png,1,success,104.3666
frame_00409.png,1,success,100.7681
frame_00410.png,1,success,110.3719
frame_00411.png,1,success,104.6101
frame_00412.png,1,success,94.448
frame_00413.png,1,success,104.2581
frame_00415.png,1,success,97.8543
frame_00414.png,1,success,97.8398
frame_00416.png,1,success,89.8802
frame_00417.png,1,success,87.7245
frame_00418.png,1,success,91.2345
frame_00419.png,1,success,93.6391
frame_00421.png,1,success,91.102
frame_00420.png,1,success,93.6507
frame_00422.png,1,success,91.1199
frame_00424.png,1,success,93.8206
frame_00423.png,1,success,91.0914
frame_00425.png,1,success,91.1998
frame_00426.png,1,success,91.0187
frame_00427.png,1,success,93.2052
frame_00428.png,1,success,97.5313
frame_00429.png,1,success,94.3671
frame_00430.png,1,success,94.1894
frame_00432.png,1,success,84.8331
frame_00431.png,1,success,94.6665
frame_00433.png,1,success,86.1622
frame_00436.png,1,success,86.1554
frame_00435.png,1,success,89.9146
frame_00434.png,1,success,84.5874
frame_00439.png,1,success,86.08
frame_00437.png,1,success,86.1417
frame_00438.png,1,success,86.1101
frame_00440.png,1,success,85.9386
frame_00441.png,1,success,86.1025
frame_00442.png,1,success,85.9829
frame_00443.png,1,success,87.9931
frame_00445.png,1,success,94.5482
frame_00444.png,1,success,86.0624
frame_00447.png,1,success,90.7366
frame_00448.png,1,success,104.0403
frame_00446.png,1,success,94.0464
frame_00449.png,1,success,104.119
frame_00450.png,1,success,90.8473
frame_00451.png,1,success,93.973
frame_00453.png,1,success,85.8363
frame_00452.png,1,success,90.9652
frame_00454.png,1,success,84.5712
frame_00456.png,1,success,85.9741
frame_00455.png,1,success,89.9061
frame_00457.png,1,success,84.536
frame_00459.png,1,success,85.9045
frame_00458.png,1,success,86.0845
frame_00460.png,1,success,89.9105
frame_00461.png,1,success,86.147
frame_00462.png,1,success,84.5461
frame_00463.png,1,success,84.2808
frame_00465.png,1,success,90.6049
frame_00464.png,1,success,93.5403
frame_00466.png,1,success,90.9882
frame_00467.png,1,success,96.9333
frame_00468.png,1,success,93.9116
frame_00470.png,1,success,108.0914
frame_00471.png,1,success,97.54
frame_00469.png,1,success,93.9855
frame_00474.png,1,success,93.8284
frame_00472.png,1,success,91.4211
frame_00473.png,1,success,91.1563
frame_00476.png,1,success,91.1995
frame_00475.png,1,success,91.2928
frame_00477.png,1,success,91.3865
frame_00479.png,1,success,91.2626
frame_00480.png,1,success,84.3053
frame_00478.png,1,success,91.1717
frame_00483.png,1,success,87.6079
frame_00482.png,1,success,91.1045
frame_00481.png,1,success,91.178
frame_00484.png,1,success,96.8882
frame_00485.png,1,success,94.1077
frame_00486.png,1,success,87.5695
frame_00489.png,1,success,94.085
frame_00488.png,1,success,101.4384
frame_00487.png,1,success,94.2996
frame_00492.png,1,success,97.3372
frame_00491.png,1,success,100.5609
frame_00490.png,1,success,97.8356
frame_00494.png,1,success,87.8303
frame_00495.png,1,success,84.6657
frame_00493.png,1,success,87.8904
frame_00498.png,1,success,86.167
frame_00496.png,1,success,84.8471
frame_00497.png,1,success,84.5468
frame_00499.png,1,success,86.1263
frame_00501.png,1,success,86.2091
frame_00500.png,1,success,86.0473
frame_00503.png,1,success,84.7601
frame_00504.png,1,success,87.9634
frame_00502.png,1,success,86.0813
frame_00505.png,1,success,94.9529
frame_00507.png,1,success,97.4974
frame_00506.png,1,success,94.9912
frame_00509.png,1,success,97.5394
frame_00508.png,1,success,101.0923
frame_00510.png,1,success,94.0728
frame_00512.png,1,success,85.7844
frame_00511.png,1,success,77.4259
frame_00513.png,1,success,87.6756
frame_00515.png,1,success,85.8978
frame_00514.png,1,success,86.0663
frame_00516.png,1,success,85.6675
frame_00517.png,1,success,85.9885
frame_00518.png,1,success,91.1148
frame_00519.png,1,success,93.4769
frame_00522.png,1,success,98.1694
frame_00520.png,1,success,94.1447
frame_00521.png,1,success,97.7242
frame_00525.png,1,success,77.5121
frame_00523.png,1,success,94.5159
frame_00524.png,1,success,94.6364
frame_00526.png,1,success,94.261
frame_00527.png,1,success,93.9197
frame_00528.png,1,success,90.565
frame_00529.png,1,success,87.7571
frame_00530.png,1,success,87.839
frame_00531.png,1,success,84.4054
frame_00532.png,1,success,93.7127
frame_00533.png,1,success,87.6569
frame_00534.png,1,success,84.517
frame_00536.png,1,success,87.8927
frame_00535.png,1,success,101.0853
frame_00537.png,1,success,89.8959
frame_00538.png,1,success,91.0271
frame_00539.png,1,success,87.2383
frame_00540.png,1,success,93.9826
frame_00542.png,1,success,97.2401
frame_00541.png,1,success,90.834
frame_00544.png,1,success,94.6072
frame_00543.png,1,success,94.4016
frame_00545.png,1,success,94.312
frame_00548.png,1,success,90.0417
frame_00546.png,1,success,94.4684
frame_00547.png,1,success,90.0523
frame_00550.png,1,success,89.8584
frame_00549.png,1,success,89.6775
frame_00551.png,1,success,89.8338
frame_00554.png,1,success,93.7068
frame_00553.png,1,success,89.8727
frame_00552.png,1,success,90.0818
frame_00555.png,1,success,91.6259
frame_00556.png,1,success,93.7943
frame_00557.png,1,success,93.5011
frame_00558.png,1,success,91.1355
frame_00559.png,1,success,93.4179
frame_00560.png,1,success,97.3486
frame_00562.png,1,success,92.9636
frame_00561.png,1,success,93.9566
frame_00563.png,1,success,100.6095
frame_00565.png,1,success,107.3282
frame_00564.png,1,success,94.3548
frame_00566.png,1,success,94.5027
frame_00569.png,1,success,94.4616
frame_00568.png,1,success,97.8067
frame_00567.png,1,success,104.549
frame_00571.png,1,success,87.8344
frame_00570.png,1,success,91.0294
frame_00572.png,1,success,91.2818
frame_00573.png,1,success,91.1563
frame_00575.png,1,success,88.0921
frame_00574.png,1,success,88.0085
frame_00576.png,1,success,87.9015
frame_00577.png,1,success,91.29
frame_00578.png,1,success,91.3426
frame_00580.png,1,success,100.9732
frame_00581.png,1,success,101.0773
frame_00579.png,1,success,97.8793
frame_00583.png,1,success,97.6972
frame_00584.png,1,success,101.0192
frame_00582.png,1,success,104.0327
frame_00585.png,1,success,97.7336
frame_00586.png,1,success,94.4808
frame_00587.png,1,success,97.2041
frame_00588.png,1,success,97.3152
frame_00590.png,1,success,91.1655
frame_00589.png,1,success,91.3317
frame_00593.png,1,success,91.2055
frame_00591.png,1,success,91.0978
frame_00592.png,1,success,91.299
frame_00594.png,1,success,94.5082
frame_00596.png,1,success,98.3928
frame_00595.png,1,success,77.3627
frame_00598.png,1,success,101.4888
frame_00599.png,1,success,104.2243
frame_00597.png,1,success,101.2847
frame_00600.png,1,success,97.0445
frame_00601.png,1,success,107.133
frame_00602.png,1,success,107.7858
frame_00604.png,1,success,97.2
frame_00603.png,1,success,100.8229
frame_00605.png,1,success,91.1841
frame_00608.png,1,success,89.8889
frame_00607.png,1,success,89.8265
frame_00606.png,1,success,93.8145
frame_00610.png,1,success,87.8653
frame_00609.png,1,success,89.7728
frame_00611.png,1,success,87.8636
frame_00613.png,1,success,87.7462
frame_00614.png,1,success,91.1087
frame_00612.png,1,success,91.0628
frame_00615.png,1,success,87.5913
frame_00617.png,1,success,89.4016
frame_00616.png,1,success,87.455
frame_00618.png,1,success,87.3077
frame_00619.png,1,success,87.0067
frame_00620.png,1,success,87.8575
frame_00621.png,1,success,91.4535
frame_00623.png,1,success,97.3306
frame_00622.png,1,success,94.6446
frame_00626.png,1,success,87.7089
frame_00625.png,1,success,87.9074
frame_00624.png,1,success,88.1359
frame_00628.png,1,success,87.836
frame_00627.png,1,success,87.9333
frame_00629.png,1,success,93.7623
frame_00631.png,1,success,89.7958
frame_00632.png,1,success,87.9171
frame_00630.png,1,success,91.173
frame_00635.png,1,success,108.3856
frame_00634.png,1,success,87.9672
frame_00633.png,1,success,89.7794
frame_00636.png,1,success,105.003
frame_00638.png,1,success,100.9283
frame_00637.png,1,success,108.0713
frame_00641.png,1,success,100.8205
frame_00639.png,1,success,100.8856
frame_00640.png,1,success,100.7047
frame_00643.png,1,success,100.449
frame_00644.png,1,success,97.4235
frame_00642.png,1,success,100.3124
frame_00645.png,1,success,90.2127
frame_00646.png,1,success,88.0802
frame_00647.png,1,success,88.2944
frame_00650.png,1,success,87.677
frame_00648.png,1,success,87.9681
frame_00649.png,1,success,88.2071
frame_00653.png,1,success,81.1848
frame_00651.png,1,success,77.7775
frame_00652.png,1,success,77.9209
frame_00656.png,1,success,93.9904
frame_00655.png,1,success,97.5879
frame_00654.png,1,success,77.7662
frame_00659.png,1,success,88.0847
frame_00657.png,1,success,93.8005
frame_00658.png,1,success,88.0917
frame_00660.png,1,success,88.0894
frame_00662.png,1,success,87.9215
frame_00661.png,1,success,87.8335
frame_00665.png,1,success,90.0809
frame_00664.png,1,success,88.1904
frame_00663.png,1,success,87.9976
frame_00667.png,1,success,87.9164
frame_00666.png,1,success,89.9214
frame_00668.png,1,success,78.8021
frame_00670.png,1,success,94.5541
frame_00671.png,1,success,97.6217
frame_00669.png,1,success,91.3036
frame_00673.png,1,success,97.8302
frame_00672.png,1,success,100.8357
frame_00674.png,1,success,100.5539
frame_00675.png,1,success,97.3438
frame_00676.png,1,success,91.1641
frame_00677.png,1,success,89.8253
frame_00678.png,1,success,91.0874
frame_00679.png,1,success,88.0001
frame_00680.png,1,success,87.8001
frame_00682.png,1,success,88.3062
frame_00681.png,1,success,88.0814
frame_00683.png,1,success,89.9911
frame_00684.png,1,success,90.0037
frame_00685.png,1,success,89.7538
frame_00688.png,1,success,85.8052
frame_00686.png,1,success,87.9312
frame_00687.png,1,success,85.6029
frame_00689.png,1,success,83.8901
frame_00690.png,1,success,97.9721
frame_00691.png,1,success,91.442
frame_00693.png,1,success,87.8203
frame_00692.png,1,success,91.5026
frame_00694.png,1,success,91.4551
frame_00695.png,1,success,91.738
frame_00697.png,1,success,88.2125
frame_00696.png,1,success,88.4317
frame_00699.png,1,success,88.2081
frame_00700.png,1,success,94.1213
frame_00698.png,1,success,90.4318
frame_00701.png,1,success,94.2039
frame_00702.png,1,success,94.1044
frame_00703.png,1,success,94.379
frame_00704.png,1,success,90.2438
frame_00705.png,1,success,91.5166
frame_00706.png,1,success,94.9568
frame_00707.png,1,success,91.3778
frame_00709.png,1,success,98.1268
frame_00708.png,1,success,94.8406
frame_00712.png,1,success,101.6555
frame_00711.png,1,success,111.4915
frame_00710.png,1,success,108.1861
frame_00713.png,1,success,94.8085
frame_00715.png,1,success,87.9639
frame_00714.png,1,success,94.8285
frame_00718.png,1,success,91.4391
frame_00716.png,1,success,91.3799
frame_00717.png,1,success,91.4798
frame_00719.png,1,success,91.3407
frame_00720.png,1,success,88.0917
frame_00721.png,1,success,88.2388
frame_00722.png,1,success,88.2945
frame_00723.png,1,success,88.0866
frame_00724.png,1,success,88.1008
frame_00725.png,1,success,88.0924
frame_00726.png,1,success,91.3718
frame_00727.png,1,success,91.1937
frame_00728.png,1,success,98.1079
frame_00729.png,1,success,101.2935
frame_00730.png,1,success,101.6094
frame_00731.png,1,success,97.6284
frame_00732.png,1,success,91.4847
frame_00733.png,1,success,91.2636
frame_00735.png,1,success,88.019
frame_00734.png,1,success,87.8762
frame_00736.png,1,success,90.0677
frame_00737.png,1,success,89.9163
frame_00738.png,1,success,87.9176
frame_00739.png,1,success,87.9841
frame_00741.png,1,success,89.9481
frame_00740.png,1,success,88.1173
frame_00742.png,1,success,87.8097
frame_00743.png,1,success,87.8545
frame_00744.png,1,success,91.2052
frame_00745.png,1,success,100.8986
frame_00747.png,1,success,101.173
frame_00746.png,1,success,101.3058
frame_00748.png,1,success,97.7002
frame_00749.png,1,success,94.462
frame_00750.png,1,success,91.0914
frame_00751.png,1,success,88.2483
frame_00753.png,1,success,84.7029
frame_00752.png,1,success,87.7604
frame_00754.png,1,success,86.3148
frame_00756.png,1,success,89.8972
frame_00755.png,1,success,87.8723
frame_00759.png,1,success,91.2243
frame_00758.png,1,success,94.7227
frame_00757.png,1,success,91.156
frame_00762.png,1,success,94.2015
frame_00761.png,1,success,94.2011
frame_00760.png,1,success,94.6035
frame_00765.png,1,success,84.6811
frame_00763.png,1,success,93.9402
frame_00764.png,1,success,94.0527
frame_00768.png,1,success,84.529
frame_00767.png,1,success,84.4664
frame_00766.png,1,success,85.9027
frame_00771.png,1,success,84.2913
frame_00770.png,1,success,84.1236
frame_00769.png,1,success,84.4644
frame_00774.png,1,success,94.4388
frame_00773.png,1,success,90.7279
frame_00772.png,1,success,91.0613
frame_00776.png,1,success,97.7629
frame_00777.png,1,success,97.5429
frame_00775.png,1,success,91.4842
frame_00779.png,1,success,97.5284
frame_00780.png,1,success,87.9996
frame_00778.png,1,success,97.5368
frame_00783.png,1,success,87.9573
frame_00781.png,1,success,84.4854
frame_00782.png,1,success,89.8624
frame_00784.png,1,success,88.0203
frame_00785.png,1,success,84.5547
frame_00786.png,1,success,89.3627
frame_00787.png,1,success,84.2987
frame_00788.png,1,success,87.3949
frame_00789.png,1,success,87.4107
frame_00791.png,1,success,90.375
frame_00792.png,1,success,93.8523
frame_00790.png,1,success,93.9962
frame_00794.png,1,success,90.8175
frame_00795.png,1,success,77.4405
frame_00793.png,1,success,86.7503
frame_00796.png,1,success,81.1491
frame_00797.png,1,success,84.6642
frame_00798.png,1,success,87.9986
frame_00801.png,1,success,94.5853
frame_00799.png,1,success,94.4661
frame_00800.png,1,success,101.7278
frame_00802.png,1,success,94.6123
frame_00804.png,1,success,94.5703
frame_00803.png,1,success,94.4555
frame_00805.png,1,success,97.2675
frame_00806.png,1,success,94.3733
frame_00807.png,1,success,90.8268
frame_00810.png,1,success,100.7214
frame_00808.png,1,success,97.5876
frame_00809.png,1,success,97.3967
frame_00811.png,1,success,100.7102
frame_00813.png,1,success,97.1051
frame_00812.png,1,success,97.2968
frame_00816.png,1,success,91.2051
frame_00815.png,1,success,90.8988
frame_00814.png,1,success,97.1864
frame_00818.png,1,success,87.9047
frame_00819.png,1,success,84.3123
frame_00817.png,1,success,87.8875
frame_00821.png,1,success,84.1515
frame_00820.png,1,success,87.744
frame_00822.png,1,success,87.3619
frame_00824.png,1,success,87.3591
frame_00825.png,1,success,80.4842
frame_00823.png,1,success,84.0337
frame_00826.png,1,success,84.0212
frame_00827.png,1,success,77.5311
frame_00828.png,1,success,77.5143
frame_00829.png,1,success,77.3762
frame_00830.png,1,success,77.4443
frame_00831.png,1,success,77.4271
frame_00833.png,1,success,77.3506
frame_00832.png,1,success,77.4368
frame_00834.png,1,success,77.3147
frame_00837.png,1,success,77.3818
frame_00836.png,1,success,77.3367
frame_00835.png,1,success,77.4199
frame_00840.png,1,success,74.93
frame_00839.png,1,success,93.5745
frame_00838.png,1,success,78.8231
frame_00842.png,1,success,80.7859
frame_00841.png,1,success,82.3045
frame_00843.png,1,success,82.1635
frame_00845.png,1,success,74.9963
frame_00844.png,1,success,75.1554
frame_00846.png,1,success,79.7563
frame_00848.png,1,success,74.9041
frame_00849.png,1,success,79.8792
frame_00847.png,1,success,80.7039
frame_00851.png,1,success,80.3553
frame_00850.png,1,success,74.9743
frame_00852.png,1,success,74.8898
frame_00853.png,1,success,81.5335
frame_00854.png,1,success,74.9118
frame_00855.png,1,success,81.9992
frame_00856.png,1,success,82.0361
frame_00857.png,1,success,82.1132
frame_00858.png,1,success,83.3488
frame_00859.png,1,success,75.0848
frame_00860.png,1,success,79.6951
frame_00861.png,1,success,82.2196
frame_00862.png,1,success,74.8076
frame_00863.png,1,success,75.1654
frame_00864.png,1,success,75.0674
frame_00866.png,1,success,81.0522
frame_00865.png,1,success,82.2904
frame_00867.png,1,success,82.1707
frame_00869.png,1,success,81.6583
frame_00870.png,1,success,81.2434
frame_00868.png,1,success,81.6492
frame_00873.png,1,success,74.8702
frame_00871.png,1,success,82.5712
frame_00872.png,1,success,74.9698
frame_00875.png,1,success,74.2515
frame_00876.png,1,success,74.2105
frame_00874.png,1,success,74.9202
frame_00878.png,1,success,74.9337
frame_00879.png,1,success,74.9369
frame_00877.png,1,success,75.0372
frame_00881.png,1,success,74.9149
frame_00880.png,1,success,80.6653
frame_00882.png,1,success,79.4909
